{"count":1,"gauges":{},"self":49.2448416,"total":52.211307999999995,"children":{"AgentResetIfDone":{"count":2549,"self":0.059968,"total":0.059968,"children":null},"AgentSendState":{"count":2549,"self":0.391715,"total":2.6477049999999998,"children":{"CollectObservations":{"count":30588,"self":2.2559899999999997,"total":2.2559899999999997,"children":null}}},"DecideAction":{"count":2549,"self":0.088694,"total":0.088694,"children":null},"AcademyStep":{"count":2549,"self":0.0093499999999999989,"total":0.0093499999999999989,"children":null},"AgentAct":{"count":2549,"self":0.159187,"total":0.159187,"children":null}}}